affix_id,sin,position,option_id,target_class,base_gate,name_key
AF_ENVY_PRE,envy,prefix,OPT_ACCURACY,,,SIN_ENVY
AF_ENVY_SUF,envy,suffix,OPT_DEFENSE_REDUCTION,,,SIN_ENVY
AF_WRATH_PRE,wrath,prefix,OPT_DAMAGE,,,SIN_WRATH
AF_WRATH_SUF,wrath,suffix,OPT_ATTACK_SPEED,,,SIN_WRATH
AF_LUST_PRE,lust,prefix,OPT_ELEMENT_DAMAGE,,,SIN_LUST
AF_LUST_SUF,lust,suffix,OPT_ELEMENT_RESIST_REDUCTION,,,SIN_LUST
AF_PRIDE_PRE,pride,prefix,OPT_DAMAGE_VS_TARGET,,,SIN_PRIDE
AF_PRIDE_SUF,pride,suffix,OPT_CRIT_CHANCE,,,SIN_PRIDE
AF_GREED_PRE,greed,prefix,OPT_DAMAGE_PER_GOLD,,,SIN_GREED
AF_GREED_SUF,greed,suffix,OPT_GOLD_GAIN,,,SIN_GREED
